1	1	ABC	2016-05-24	2018-05-01 17:42:33.205007
5	7	ddd	2016-05-25	2018-05-01 17:42:33.370219
9	11	ssssddd	2016-05-25	2018-05-01 17:42:33.432348
13	15	ssssaaa	2016-05-25	2018-05-01 17:42:33.490832
17	19	fffbcd	2016-05-25	2018-05-01 17:42:33.550099
21	23	abcdghhhjhjuhy	2016-05-25	2018-05-01 17:42:33.615881
25	27	FYYG	2016-05-25	2018-05-01 17:42:33.671923
29	10008	diagnosis3	2016-05-25	2018-05-01 17:42:33.738597
33	10012	diagnosis4	2016-05-26	2018-05-01 17:42:33.803174
37	10016	diagnosis5	2016-05-26	2018-05-01 17:42:33.867741
41	10020	fgfd	2016-05-26	2018-05-01 17:42:33.937951
45	10024	diagnosis1	2016-05-26	2018-05-01 17:42:34.007495
49	10028	diagnosis5	2016-05-26	2018-05-01 17:42:34.065582
53	10032	diagnosis4	2016-10-26	2018-05-01 17:42:34.126326
57	10036	dfhdfgt	2016-08-23	2018-05-01 17:42:34.185256
61	10040	gdfgdf	2016-05-26	2018-05-01 17:42:34.245572
65	20043	Spinal	2016-07-28	2018-05-01 17:42:34.302091
69	20047	Stage	2016-08-01	2018-05-01 17:42:34.360598
73	20051	MY diagnosis	2016-08-23	2018-05-01 17:42:34.418981
77	20055	1117	2016-08-29	2018-05-01 17:42:34.486107
81	20059	789	2016-08-29	2018-05-01 17:42:34.54305
85	20063	tftyu	2016-11-05	2018-05-01 17:42:34.606406
89	20067	123456	2016-11-05	2018-05-01 17:42:34.666346
93	20071	dfgdfgdfg	2016-11-15	2018-05-01 17:42:34.732279
97	20075	hypercalcemia	2016-12-26	2018-05-01 17:42:34.796108
101	20079	Diagonally	2016-12-29	2018-05-01 17:42:34.854121
105	20083	asdfasd	2017-02-21	2018-05-01 17:42:34.913841
109	20087	123	2017-02-22	2018-05-01 17:42:34.974104
113	20091	Sandhya 3	2017-02-22	2018-05-01 17:42:35.03926
117	20095	sandhya	2017-02-22	2018-05-01 17:42:35.114012
121	20099	XXX	2017-02-28	2018-05-01 17:42:35.186304
125	20103	11	2017-03-01	2018-05-01 17:42:35.252312
129	20107	Sai_Diagnosis	2017-07-24	2018-05-01 17:42:35.317792
133	20111	B_Diagnosis1	2017-10-16	2018-05-01 17:42:35.381486
137	20115	Typhoid Fever	2017-11-23	2018-05-01 17:42:35.44654
141	20119	Test	2018-04-18	2018-05-01 17:42:35.507913
2	4	fever	2016-05-24	2018-05-01 17:42:33.273809
6	8	testt	2016-05-25	2018-05-01 17:42:33.388838
10	12	uuu	2016-05-25	2018-05-01 17:42:33.448863
14	16	ssssaaaaddfff	2016-05-25	2018-05-01 17:42:33.505265
18	20	fffbcdasaw	2016-05-25	2018-05-01 17:42:33.569148
22	24	ssssaaaaddfffas	2016-05-25	2018-05-01 17:42:33.631362
26	28	fdg	2016-05-25	2018-05-01 17:42:33.688852
30	10009	diagnosis1	2016-05-26	2018-05-01 17:42:33.751827
34	10013	diagnosis5	2016-05-25	2018-05-01 17:42:33.822037
38	10017	diagnosis2	2016-05-26	2018-05-01 17:42:33.882185
42	10021	diagnosisonly1	2016-05-26	2018-05-01 17:42:33.957095
46	10025	diagnosis1	2016-05-26	2018-05-01 17:42:34.020441
50	10029	diagnosis8	2016-05-26	2018-05-01 17:42:34.079311
54	10033	diagnosis7	2016-05-26	2018-05-01 17:42:34.138531
58	10037	dvfgvfxd	2016-05-26	2018-05-01 17:42:34.200991
62	10041	diagnosis3	2016-08-01	2018-05-01 17:42:34.259271
66	20044	Spinal Injury	2016-07-28	2018-05-01 17:42:34.318183
70	20048	sdfsd@ser4	2017-03-01	2018-05-01 17:42:34.375004
74	20052	Diagnosis	2016-08-26	2018-05-01 17:42:34.435958
78	20056	45612	2017-03-16	2018-05-01 17:42:34.498945
82	20060	asdaS	2016-08-31	2018-05-01 17:42:34.558721
86	20064	uytuyt	2016-11-05	2018-05-01 17:42:34.623098
90	20068	123	2016-10-15	2018-05-01 17:42:34.688126
94	20072	DIAGNOSISSAN	2016-12-26	2018-05-01 17:42:34.747536
98	20076	12	2016-12-27	2018-05-01 17:42:34.812823
102	20080	Diagonally	2016-12-29	2018-05-01 17:42:34.869924
106	20084	erewrew23432434	2017-02-22	2018-05-01 17:42:34.929142
110	20088	Sandhya	2017-02-22	2018-05-01 17:42:34.990237
114	20092	Sandhya	2017-10-09	2018-05-01 17:42:35.058097
118	20096	12	2017-02-28	2018-05-01 17:42:35.136989
122	20100	XXX	2017-11-23	2018-05-01 17:42:35.203393
126	20104	asasd	2017-03-09	2018-05-01 17:42:35.26828
130	20108	Family_Tree	2017-10-09	2018-05-01 17:42:35.332916
134	20112	Formal Diagnosis	2017-10-31	2018-05-01 17:42:35.398832
138	20116	paratyphoid	2017-11-23	2018-05-01 17:42:35.460026
142	20120	Test Diagnosis	2018-04-18	2018-05-01 17:42:35.522407
3	5	ssssddd	2016-05-25	2018-05-01 17:42:33.309449
7	9	dddkjk	2016-05-25	2018-05-01 17:42:33.401401
11	13	dddddgfdg	2016-05-25	2018-05-01 17:42:33.462181
15	17	fff	2016-05-25	2018-05-01 17:42:33.520135
19	21	fffbcddfghhhanu	2016-05-25	2018-05-01 17:42:33.584114
23	25	dddddsaASAEDW	2016-05-25	2018-05-01 17:42:33.644097
27	10006	diagnosis1	2016-05-25	2018-05-01 17:42:33.708645
31	10010	diagnosis2	2016-05-25	2018-05-01 17:42:33.766747
35	10014	diagnosis5	2016-05-25	2018-05-01 17:42:33.836141
39	10018	rfrdf	2016-05-26	2018-05-01 17:42:33.900121
43	10022	ygjgh	2016-05-26	2018-05-01 17:42:33.970034
47	10026	diagnosis1	2016-05-26	2018-05-01 17:42:34.03612
51	10030	diagnosis1	2016-05-26	2018-05-01 17:42:34.093161
55	10034	gdfgfd	2016-05-26	2018-05-01 17:42:34.153435
59	10038	gfhfhgf	2016-05-26	2018-05-01 17:42:34.216082
63	10042	ENT	2016-08-29	2018-05-01 17:42:34.27208
67	20045	Spinal1	2016-07-28	2018-05-01 17:42:34.331523
71	20049	Ear	2016-11-05	2018-05-01 17:42:34.390123
75	20053	Diagnosis1	2016-08-31	2018-05-01 17:42:34.449622
79	20057	12	2016-08-29	2018-05-01 17:42:34.513477
83	20061	aug30	2016-08-31	2018-05-01 17:42:34.572839
87	20065	qwerty	2016-11-05	2018-05-01 17:42:34.637078
91	20069	123	2017-01-11	2018-05-01 17:42:34.704965
95	20073	hypercalcemia	2016-12-27	2018-05-01 17:42:34.765447
99	20077	324324	2016-12-27	2018-05-01 17:42:34.82604
103	20081	Testingdiag	2017-01-11	2018-05-01 17:42:34.883977
107	20085	Sandhya 1	2017-02-22	2018-05-01 17:42:34.944659
111	20089	Sandhya 1	2017-02-22	2018-05-01 17:42:35.006111
115	20093	Sandhya	2017-02-22	2018-05-01 17:42:35.072511
119	20097	XXX	2017-02-28	2018-05-01 17:42:35.154625
123	20101	1	2017-11-23	2018-05-01 17:42:35.221062
127	20105	Stress	2017-07-24	2018-05-01 17:42:35.28411
131	20109	TestDiagnosis	2017-10-10	2018-05-01 17:42:35.348141
135	20113	Formal Diagnosis_1	2017-10-31	2018-05-01 17:42:35.416838
139	20117	bacterial intestinal infections	2017-11-23	2018-05-01 17:42:35.476205
4	6	fffbcdasaw	2016-05-25	2018-05-01 17:42:33.337928
8	10	dddkjkdfd	2016-05-25	2018-05-01 17:42:33.414926
12	14	ddddds	2016-05-25	2018-05-01 17:42:33.477156
16	18	ssssaaaaddfffasd	2016-05-25	2018-05-01 17:42:33.535619
20	22	abcd	2016-05-25	2018-05-01 17:42:33.59949
24	26	dddddsaASAEDW	2016-05-25	2018-05-01 17:42:33.657499
28	10007	diagnosis2	2016-05-25	2018-05-01 17:42:33.724368
32	10011	diagnosis3	2016-05-26	2018-05-01 17:42:33.781276
36	10015	diagnosis5	2016-05-25	2018-05-01 17:42:33.84968
40	10019	asdsaz	2016-05-26	2018-05-01 17:42:33.917125
44	10023	gghiknm	2016-05-26	2018-05-01 17:42:33.991507
48	10027	diagnosis2	2016-05-26	2018-05-01 17:42:34.051064
52	10031	diagnosi5	2016-05-26	2018-05-01 17:42:34.111197
56	10035	fesdsf	2016-05-26	2018-05-01 17:42:34.168103
60	10039	diagosis2	2016-05-26	2018-05-01 17:42:34.230227
64	20042	Spinal	2016-07-28	2018-05-01 17:42:34.286233
68	20046	dhfgdfgfd	2016-08-23	2018-05-01 17:42:34.347271
72	20050	asdfasdf	2016-08-23	2018-05-01 17:42:34.406278
76	20054	111	2016-11-05	2018-05-01 17:42:34.470984
80	20058	1212	2016-08-29	2018-05-01 17:42:34.529012
84	20062	fever	2016-08-31	2018-05-01 17:42:34.589288
88	20066	yjhhg	2016-11-05	2018-05-01 17:42:34.651416
92	20070	Diagnosis	2016-10-25	2018-05-01 17:42:34.719077
96	20074	hypercalcemia	2016-12-26	2018-05-01 17:42:34.780897
100	20078	Ear	2016-12-27	2018-05-01 17:42:34.840855
104	20082	Testingdiagnosis	2017-03-16	2018-05-01 17:42:34.899754
108	20086	12	2018-03-28	2018-05-01 17:42:34.957963
112	20090	Sandhya 22	2017-02-22	2018-05-01 17:42:35.021299
116	20094	sandhya	2017-02-22	2018-05-01 17:42:35.093884
120	20098	XXX	2017-04-25	2018-05-01 17:42:35.171152
124	20102	1	2017-11-23	2018-05-01 17:42:35.237244
128	20106	StressPeak	2017-07-24	2018-05-01 17:42:35.300916
132	20110	B_Diagnosis	2017-10-16	2018-05-01 17:42:35.3659
136	20114	Cholera	2017-11-23	2018-05-01 17:42:35.430822
140	20118	Test New Diagnosis	2018-01-22	2018-05-01 17:42:35.490779
