2	2	OYATSI	DONALD	PANCRAS O.	1	10192	84	37		2017-11-06	2		ABC	1	500010	123456987	321564987	9876543210		OYATSI DONALD PANCRAS O.	male.jpg	\N	20228	1	\N	2	104	\N	\N	\N	2016-05-10	2018-05-01 17:42:33.307819
6	6	Patel		D.J.	1	10058	84	37		2017-11-06	2		XYZ	1	500010	123456987	321564987	9876543210		Patel D.J.	male.jpg	\N	20232	1	\N	2	104	\N	\N	\N	2016-05-10	2018-05-01 17:42:33.455477
10	12	Nilesh	\N	Deokar	1	10058	84	37	\N	2017-11-06	2	\N	Pune	1	506002	111	222	333	nilesh@nilesh.com	Nilesh	male.jpg	\N	20244	1	\N	2	104	\N	\N	\N	\N	2018-05-01 17:42:33.567526
14	38	shiva	\N	shiva	3	10055	84	37	602	2017-11-06	1	1234	Hyderabad	130	\N	123456789	123456789	1234567899	shiva@gmail.com	shiva	\N	\N	\N	1	1	36	104	\N	\N	\N	\N	2018-05-01 17:42:33.699894
18	30246	Willam	\N	Connor	1	10053	84	37	244	2017-11-06	10	202	MNC 109, Telangana	37	500019	9998880001	9998880002	9704961367	tanmay.lohani@ggktech.com	WillamConnor	\N	\N	20258	1	1	36	104	\N	\N	\N	2016-09-12	2018-05-01 17:42:33.798646
22	30250	Henry		Morgan	1	10053	84	37	130	2017-11-06	10	1170	kjhkhkjhkjhkhkjhkhkj	37	500060	211321321546545	545645645645645	564654564564564	hgjhghjgjh@kjhkhkjhkjhkjh	HenryMorgan	male.jpg	male.jpg	20285	1	1	36	104	\N	\N	\N	2016-10-05	2018-05-01 17:42:33.892153
26	30257	Trevor	\N	Jones	1	10053	84	37	121	2017-11-06	10	5455	sdfsdfsdfsdfsdf	37	500060	2434234234234	234234234234	324234234234234	dfsdfsdf@sdfsdfsdf	TrevorJones	male.jpg	male.jpg	20298	1	1	36	104	\N	\N	\N	2016-10-05	2018-05-01 17:42:34.00217
30	30264	sandhya	hhl	hlhkj	2	10048	20099	37	13	2017-11-06	2	6464544453	hydrerduhkl	1536	506565	546546464644654	465465464644646	464164464646464	abc@gmail.com	sandhyahhlhlhkj	\N	\N	20302	0	1	32	104	\N	\N	\N	2016-10-06	2018-05-01 17:42:34.101824
34	30268	Pushpalatha	\N	k	1	10048	11	37	145	2017-11-06	1	123	adfasd	\N	12321	868914881	868914881	8684914881	ksoma2700latha@gmail.com	Pushpalathak	female.jpg	female.jpg	20308	0	0	2	104	\N	\N	\N	2016-10-13	2018-05-01 17:42:34.196369
38	30272	Bindhu	\N	k	1	10053	11	37	169	2017-11-06	8	123	Tirupathi	5	123	45764657456	456746574657	8686914881	ksoma2700latha@gmail.com	Bindhuk	20334.JPG	\N	20334	0	0	2	104	\N	\N	\N	2016-12-08	2018-05-01 17:42:34.293243
42	30276	Doctor	\N	one	3	10155	11	37	38	2017-11-06	5	123	sdfg	5	123	8686098876	8686954123	868695412354	ksoma@sdgf.com	Doctorone	\N	\N	20370	1	1	2	104	\N	\N	\N	2016-12-15	2018-05-01 17:42:34.420142
46	30280	Dr.	\N	Kavya	3	10063	11	37	25	2017-11-06	10	123	address	5	123	8686914881	8686914881	8686914881	ksoma2700latha@gmail.com	Dr. Kavya Reddy	20376.png	20376.png	20376	1	1	2	104	\N	\N	\N	2016-12-16	2018-05-01 17:42:34.518139
50	30284	Sunaina	\N	Varma	1	10051	11	37	41	2017-11-06	5	25	Addr	517	159	1591591595	7537537537	9999999999	sandhya.kedakoti@ggktech.com	SunainaVarma	30440.jpg	30440.jpg	30440	0	0	15	104	\N	\N	\N	2017-07-17	2018-05-01 17:42:34.620939
54	30288	Veera	GopalReddy	Bogireddy	4	10125	84	37	12	2017-11-06	10	007	Kapada	24	516173	9966329772	9966329770	9966329770	gopal.bogireddy@ggktech.com	VeeraGopalReddyBogireddy	\N	\N	30448	0	0	2	104	\N	\N	0	2017-08-10	2018-05-01 17:42:34.739069
58	30292	Docc	Doc	Bogi	4	10125	84	37	12	2017-11-06	10	007	Kapada	24	516173	9966329772	9966329770	9966329770	gopal.bogireddy@ggktech.com	DoccDocBogi	30465.jpg	\N	30465	0	0	2	104	\N	\N	\N	2017-08-10	2018-05-01 17:42:34.839785
62	30296	hello	\N	k	1	10126	11	37	26	2017-11-07	3	rrr	sdfgsdf	5	12333	33333333333	96325855252	6666666666	ksoma2700latha@gmail.com	hellok	\N	\N	30491	0	0	2	104	\N	\N	\N	2017-11-07	2018-05-01 17:42:34.945347
66	30300	asd	asd	asd	10	10168	84	37	121	2017-11-16	5	123	asdfghjkl	37	500081	1234567890	987654321	3456789012	abhishek.madan@ggktech.com	asdasdasd	\N	\N	30497	0	0	36	104	\N	\N	0	2017-11-16	2018-05-01 17:42:35.050104
70	30305	Ranadheer	\N	M	4	10053	84	37	125	2017-11-17	10	32132132131	Plot no 8 and 9	37	500090	546546546	65465464	9849099465	ranadheer.mandavakurity@ggktech.com	RanadheerM	\N	\N	30511	0	0	36	104	\N	\N	1	2017-11-17	2018-05-01 17:42:35.161686
74	30309	Sandy	_Doc	_3	1	20235	11	37	41	2017-12-13	53	1120	159	\N	159159	1234567890	1234567891	1234567892	san@gg.com	Sandy_Doc_3	\N	\N	30518	1	1	\N	\N	\N	\N	\N	2017-12-15	2018-05-01 17:42:35.265496
78	30314	Vasu	\N	Dev	1	10114	84	37	69	2018-01-10	34	123	Hyderabad	37	500081	40454545445	40124545	9491558924	shirisha.burthula@ggktech.com	VasuDev	\N	\N	30533	1	0	36	104	\N	\N	\N	2018-01-10	2018-05-01 17:42:35.369511
82	30318	QADev	\N	Variable	\N	10169	84	37	88	2018-02-04	15	1	656	2	77777	345234532	5432532452	5432543252	s@s.com	Doctor QADev Variable	\N	\N	30540	0	0	2	104	46	\N	1	2018-02-05	2018-05-01 17:42:35.479465
86	30322	Sruthi	\N	M	\N	10055	11	37	88	2018-01-31	41	949	159	16	159	1234567890	1234567891	1234567892	sandhya.kedakoti@ggktech.com	Doctor Sruthi M	EMP-1015.jpg	\N	30544	1	1	2	104	50	\N	0	2018-02-07	2018-05-01 17:42:35.590416
90	30326	Srinivas	rtre	P	\N	10053	84	37	38	2017-02-06	15	asd	htd	37	\N	97896	896757	6786876876	shirisha.burthula@ggktech.com	Doctor Srinivas rtre P	\N	\N	30548	1	1	36	104	54	\N	\N	2018-02-26	2018-05-01 17:42:35.691663
3	3	OYIEKE		J.B	1	10192	84	37		2017-11-06	2		ABC	1	500010	123456987	321564987	9876543210		OYIEKE J.B.	male.jpg	\N	20229	0	\N	2	104	\N	\N	\N	2016-05-10	2018-05-01 17:42:33.351847
7	7	Jagadeesh	Burla	Kumar	1	10074	84	37		2017-11-06	2		Warangal	1	500010	123456987	321564987	9848022338		Jagadeesh Kumar Burla	male.jpg	\N	20233	0	\N	2	104	\N	\N	\N	2016-05-10	2018-05-01 17:42:33.487914
11	15	Varun	pabba	doc	1	10053	84	37	\N	2017-11-06	2	\N	12-8-66	1	506002	13256465	468912312	13256875	varunkumar.pabba@ggktech.com	Varun Doctor	male.jpg	\N	20246	1	1	2	104	\N	\N	0	2016-03-10	2018-05-01 17:42:33.597846
15	39	defg	defg	defg	3	10049	20099	37	605	2017-11-06	2	1234	hyderabadf	115	\N	12456798632	132121654	13215468	defg@gmail.com	defg	\N	\N	\N	1	0	36	104	\N	\N	\N	\N	2018-05-01 17:42:33.723372
19	30247	410Doctor	test	QA	1	10058	84	37	194	2017-11-06	2	10	109	37	500019	8889990009	8889990009	8889990009	tanmay.lohani@ggktech.com	410DoctortestQA	male.jpg	male.jpg	20270	0	0	36	104	\N	\N	0	2016-10-04	2018-05-01 17:42:33.823027
23	30251	Alex	\N	Karev	1	10060	84	37	181	2017-11-06	14	5654	fsdfsdfsdfsdfsdfsdf	37	545645	5334534534	345345345435	345345345435	sfsdfsfd@sdfs.com	AlexKarev	male.jpg	male.jpg	20292	0	1	36	104	\N	\N	0	2016-10-05	2018-05-01 17:42:33.926581
27	30258	Sirius		black	1	10074	84	37	120	2017-11-06	10	2343	dfdsfs32423423	701	234234	23423423	423423423	4234234234234	dsfsd@sdfsdf.com	Siriusblack	male.jpg	male.jpg	20300	1	1	19	104	\N	\N	\N	2016-10-05	2018-05-01 17:42:34.028779
31	30265	Ja	\N	ck	1	10053	84	37	61	2017-11-06	10	56456	dfsfsdfsdfsf	37	50060	45345345	345345345	345345345345	dsfsdf@sdfsfsdfsdf	Jack	male.jpg	male.jpg	20303	1	1	36	104	\N	\N	0	2016-10-06	2018-05-01 17:42:34.126311
35	30269	swastha	new	k	1	10048	11	37	145	2017-11-06	1	1233	asdfas	16	123	8686914881	8686914881	8686914881	ksoma2700latha@gmail.com	swasthanewk	female.jpg	female.jpg	20309	0	0	2	104	\N	\N	\N	2016-10-13	2018-05-01 17:42:34.218942
39	30273	vinny	\N	4	1	10053	11	37	149	2017-11-06	8	121245	testing	37	500060	46546465456	56464654654	9966724060	vinila.mogilisetty@ggktech.com	vinny4	\N	\N	20335	1	1	36	104	\N	\N	\N	2016-12-08	2018-05-01 17:42:34.326793
43	30277	dr	\N	george	1	10053	84	37	200	2017-11-06	10	6665456	sfsdfsdf	7	34234	324234234	234234234	232323232323232	ksoma2700latha@gmail.com	drgeorge	\N	\N	20371	0	0	2	104	\N	\N	\N	2016-12-15	2018-05-01 17:42:34.442952
47	30281	Dinakar	\N	Varma	1	10155	84	37	27	2017-11-06	25	123	address is required	339	kkk789	99999	88888	7777777777	sandhya.kedakoti@ggktech.com	Dinakar Varma	20378.jpg	20378.jpg	20378	1	1	9	104	\N	\N	1	2016-12-17	2018-05-01 17:42:34.545193
51	30285	Gopal	reddy	Bogireddy	3	10155	84	37	12	2017-11-06	4	123	Yusafguda	37	500018	9999999999	9999999999	9966329772	gopal.bogireddy@ggktech.com	GopalreddyBogireddy	\N	\N	30441	0	0	36	104	\N	\N	0	2017-07-17	2018-05-01 17:42:34.649066
55	30289	ghjgj	GopalReddy	Bogireddy	4	10125	84	37	12	2017-11-06	10	007	Kapada	24	516173	9966329772	9966329770	9966329770	gopal.bogireddy@ggktech.com	ghjgjGopalReddyBogireddy	30452.jpg	30452.jpg	30452	0	0	2	104	\N	\N	1	2017-08-10	2018-05-01 17:42:34.767182
59	30293	Docr	Docs	Bogir	4	10125	84	37	12	2017-11-06	10	007	Kapada	24	516173	9966329772	9966329770	9966329770	gopal.bogireddy@ggktech.com	DocrDocsBogir	30466.jpg	\N	30466	0	0	2	104	\N	\N	\N	2017-08-10	2018-05-01 17:42:34.867336
63	30297	hello	\N	m	4	10125	11	37	26	2017-11-07	5	3333	asdfasd	12131	123	9632587412	555555555	8888888888	ksoma2700latha@gmail.com	hellom	\N	\N	30492	0	0	1	104	\N	\N	\N	2017-11-07	2018-05-01 17:42:34.970148
67	30301	qwer	wer	wer	3	10125	11	37	133	2017-11-16	5	123	sdfghjk	\N	12345	2345678909	23456787654	2345678987654	abhishek.madan@ggktech.com	qwerwerwer	\N	\N	30499	1	1	\N	\N	\N	\N	\N	2017-11-16	2018-05-01 17:42:35.077153
71	30306	AKHIL	\N	K	4	10053	11	37	40	2017-12-05	3	12313	sadfasd	12131	123	1234567890	3216549870	7894561230	ksoma2700latha@gmail.com	Doctor AKHIL K	\N	\N	30515	1	1	1	104	\N	\N	1	2018-04-03	2018-05-01 17:42:35.187142
75	30310	sahoo	\N	k	1	10126	84	37	13	2017-12-27	3	123	123654789	5	123	1231232	369852447	4563214563	ksoma2700latha@gmail.com	sahook	\N	\N	30525	0	0	2	104	\N	\N	\N	2017-12-27	2018-05-01 17:42:35.291924
79	30315	Doctor	Mater	Testing	\N	10053	84	37	17	2018-01-01	8	123	Hyderabad	37	\N	7894564213	8798749879	9603061256	abhishek.madan@ggktech.com	Mr. Doctor Mater Testing	\N	\N	51384	1	1	36	104	32	\N	\N	2018-01-11	2018-05-01 17:42:35.397952
83	30319	QADEV	\N	Fixed	\N	10125	84	37	55	2018-02-04	3	45646	asdasd	2	\N	3213212312	3213212312	3213212312	a@a.com	Doctor QADEV Fixed	\N	\N	30541	1	0	2	104	47	\N	1	2018-02-05	2018-05-01 17:42:35.507228
87	30323	madan	\N	doctor	\N	10155	84	37	14	2018-01-31	5	353453	sdfsdfdf	2	\N	2323423	234234234	2324234324	sdfd@dd.kk	Doctor madan doctor	\N	\N	30545	0	0	2	104	51	\N	0	2018-02-09	2018-05-01 17:42:35.615998
91	30327	smoke	\N	doctor	\N	10168	11	37	25.999999999999996	2018-03-07	4	123	asdfasdfasd	1454	\N	7895464641	6546513213	2342342342	ksoma2700latha@gmail.com	Doctor smoke doctor	\N	\N	30552	0	0	31	104	58	\N	\N	2018-03-08	2018-05-01 17:42:35.716395
4	4	Oyoo	George	Omondi	1	10192	84	37		2017-11-06	2		ABC	1	500010	123456987	321564987	9876543210		OYOO GEORGE OMONDI	male.jpg	\N	20230	1	\N	2	104	\N	\N	\N	2016-05-10	2018-05-01 17:42:33.393722
8	10	Morgan	Imaging	Freeman	1	10063	84	37	16	2017-11-06	2	\N	111, MNC	1	500011	8686914881	8686914881	8686914881	suryaprakash10t@gmail.com	Morgan Freeman	male.jpg	\N	20238	1	\N	2	104	\N	\N	\N	2016-03-10	2018-05-01 17:42:33.514469
12	33	Anusha	Rao	Annamineni	3	10055	11	37	242	2017-11-06	1	12345566	Hyderabad,Kondapur	130	\N	1234568789	123456789	123456799	abc@gmail.com	Anusha Annamineni	\N	\N	\N	0	1	36	104	\N	\N	\N	\N	2018-05-01 17:42:33.623423
16	40	Ashok	ashok	Ashok	1	10053	84	37	12010	2017-11-06	8	1234	Hyderabad	109	\N	123456789	1234656789	123456789	ashok@gmail.com	Ashok	\N	\N	\N	0	1	36	104	\N	\N	0	\N	2018-05-01 17:42:33.746075
20	30248	Ram	\N	kumar	1	10083	84	37	11	2017-11-06	2	10	hh	37	500019	878787878	878547854	878754785	s@s.com	Ram	male.jpg	male.jpg	20278	0	0	36	104	\N	\N	\N	\N	2018-05-01 17:42:33.845762
24	30252	Robin	\N	Bane	1	10053	84	37	122	2017-11-06	8	4566	sfsdfsfsdf	37	50060	34234234	324324234	23423432234	sfdfs@sdfsfsdf.com	RobinBane	male.jpg	male.jpg	20294	1	1	36	104	\N	\N	\N	2016-10-05	2018-05-01 17:42:33.951356
28	30261	subhankar	\N	samal	1	10053	84	37	122	2017-11-06	8	34234	sfsdfsdf	720	324324	6545645656	564564564	5645645665	54564@sdfsdfsd	chrisburke	male.jpg	male.jpg	20297	1	1	20	104	\N	\N	\N	2016-10-05	2018-05-01 17:42:34.054155
32	30266	Webber	\N	Webber	1	10053	84	37	121	2017-11-06	10	564564	sdfsd@sdfsdfdsf	23	546546	5645464546465	564564654	645465456	sdfsdfs@sdfsdf	WebberWebber	male.jpg	male.jpg	20305	1	1	2	104	\N	\N	\N	2016-10-06	2018-05-01 17:42:34.149241
36	30270	vinila	\N	m	1	10053	84	37	181	2017-11-06	8	2121	sdfsdfdsf	37	500060	5456456456	56456456456465	564654564564	sdsdfs@sdfdsf.com	vinilam	male.jpg	male.jpg	20310	1	1	36	104	\N	\N	\N	2016-10-14	2018-05-01 17:42:34.242683
40	30274	new		doc	1	10053	84	37	183	2016-12-14	10	656564	sadfsdfsdf	150	500060	654646546546545	654654654654654	654654654654654	65465465@asfsdfsd.com	newdoc	20366.jpg	20366.jpg	20366	1	1	3	104	\N	\N	\N	2016-12-15	2018-05-01 17:42:34.359573
44	30278	Doctor	\N	two	3	10155	11	37	26	2017-11-06	4	124	asdfasd	2	123	123456789	234567891	345678912	sdfg@fsad.com	Doctortwo	\N	\N	20372	0	0	2	104	\N	\N	\N	2016-12-15	2018-05-01 17:42:34.467946
48	30282	test	\N	t	1	10168	84	37	25	2017-11-06	3	123	asdfasd	6	123	235245234525	673252345134524	4573463465345	adf@af.ocm	testt	\N	\N	20428	1	1	2	104	\N	\N	\N	2017-04-06	2018-05-01 17:42:34.569414
52	30286	Sandhya_Aus	\N	K	1	10049	11	37	91	2017-11-06	11	1111	Kometi House, Kodur.	24	159	9998887773	9998887772	9998887771	sandhya.kedakoti@ggktech.com	Sandhya_AusK	30446.jpg	30446.jpg	30446	0	0	2	104	\N	\N	\N	2017-07-26	2018-05-01 17:42:34.680735
56	30290	testtt	tetsts	tttt	1	10125	84	37	12	2017-11-06	5	001	test	24	516123	9966329882	9966329772	9966329771	gopal.bogireddy@ggktech.com	testtttetststttt	\N	\N	30463	0	0	2	104	\N	\N	\N	2017-08-10	2018-05-01 17:42:34.793042
60	30294	both	\N	roles	10	10063	11	37	3	2017-11-06	3	123	dsfgsdfgsdf	2	23	566	888888888	6666666666	ksoma2700latha@gmail.com	bothroles	\N	\N	30478	0	0	2	104	\N	\N	\N	2017-09-25	2018-05-01 17:42:34.893207
64	30298	Yogitha	\N	k	3	10146	11	37	39	2017-11-08	44	34343	sdfgsdf	12131	123	3333333333	6666666666	9999999999	ksoma2700latha@gmail.com	Yogithak	\N	\N	30493	0	0	1	104	\N	\N	\N	2017-11-08	2018-05-01 17:42:34.994275
68	30302	asd	\N	dsad	10	10155	11	37	49	2009-11-04	4	123	234234	1757	159455	1591591591	7554547775	4548754556	asd@dg.com	asddsad	\N	\N	30500	1	1	39	19	\N	\N	\N	2017-11-16	2018-05-01 17:42:35.107031
72	30307	Sandy	_Doc	_1	13	20235	11	37	40	2017-12-14	15	1120	159753	\N	159159	1234567890	1234567891	1234567892	san@gg.com	Sandy_Doc_1	\N	\N	30516	0	0	\N	\N	\N	\N	\N	2017-12-15	2018-05-01 17:42:35.212519
76	30311	Shirisha	\N	B	1	10053	11	37	51	2013-11-20	10	1597	Hyderabad	37	500081	40225566	40223344	9491558920	shirisha.burthula@ggktech.com	ShirishaB	\N	\N	30526	0	1	36	104	\N	\N	\N	2018-01-08	2018-05-01 17:42:35.317175
80	30316	Doctor	Mater	Testing	\N	10053	84	37	17	2018-01-01	8	123	Hyderabad	37	\N	7894564213	8798749879	9603061256	abhishek.madan@ggktech.com	Mr. Doctor Mater Testing	\N	\N	51384	1	1	36	104	33	\N	\N	2018-01-11	2018-05-01 17:42:35.424663
84	30320	QA	\N	FixedVariable	\N	10168	11	37	141	2018-02-04	33	56465	asdasd	12128	\N	3213212312	3213212312	3213212312	a@a.com	Doctor QA FixedVariable	\N	\N	30542	0	0	2	104	48	\N	\N	2018-02-05	2018-05-01 17:42:35.536492
88	30324	Haarish	\N	Jayraj	\N	10146	84	37	16	2018-01-31	5	123	asdfasd	5	12321	12341234	1234	9632587412	ksoma2700latha@gmail.com	Doctor Haarish Jayraj	\N	\N	30546	1	1	2	104	52	\N	1	2018-02-20	2018-05-01 17:42:35.642253
92	30328	ramesh	\N	sampthi	\N	10063	84	37	14	2018-04-03	5	234	asdfasdfasd	2	\N	345353453	345345345	4354353453	somalatha.kadirimangalam@ggktech.com	Doctor ramesh sampthi	\N	\N	30558	0	0	2	104	64	\N	\N	2018-04-04	2018-05-01 17:42:35.740351
1	1	OWINO	EDWARD	ADHIAMBO	1	10192	84	37		2017-11-06	2		ABC	1	500010	123456987	321564987	9876543210		OWINO EDWARD ADHIAMBO	male.jpg	\N	20227	0	1	2	104	\N	\N	\N	2016-05-10	2018-05-01 17:42:33.224835
5	5	Parkar	Ahmed	Rashid	1	10055	84	37		2017-11-06	2		XYZ	1	500010	123456987	321564987	9876543210		Parkar Ahmed Rashid	male.jpg	\N	20231	0	\N	2	104	\N	\N	\N	2016-05-10	2018-05-01 17:42:33.419476
9	11	Satish	kumar	Gollapally	1	10053	84	37	20	2017-11-06	2	123	Hyderabad	1	506002	1591591591	1591591591	9848022339	sathish.gollapally@ggktech.com	Sati gollapally	\N	\N	3	0	0	2	104	\N	\N	1	2018-03-16	2018-05-01 17:42:33.540245
13	37	abcd	abcd	abcd	1	10051	20099	37	242	2017-11-06	3	123456	hYDERABDA	130	\N	123456	123356	12326565	ABC@GMAIL.COM	abcd	\N	\N	\N	0	1	36	104	\N	\N	0	\N	2018-05-01 17:42:33.65834
17	20246	Ashok Dr	ashok	Ashok Dr	1	10053	84	37	12010	2017-11-06	8	1234	Hyderabad	109	\N	123456789	1234656789	123456789	ashok@gmail.com	Ashok	\N	\N	\N	0	1	36	104	\N	\N	1	\N	2018-05-01 17:42:33.772147
21	30249	Sai		kedakoti	1	10053	84	37	11	2018-03-15	2	10	hh	20	500019	1591591591	1591591591	7097094156	sandhya.kedakoti@ggktech.com	Sai kedakoti	\N	\N	20275	1	1	36	104	\N	\N	1	2018-03-16	2018-05-01 17:42:33.868768
25	30253	chris	\N	burke	1	10053	84	37	122	2017-11-06	8	34234	sfsdfsdf	720	324324	6545645656	564564564	5645645665	54564@sdfsdfsd	chrisburke	male.jpg	male.jpg	20296	1	1	20	104	\N	\N	\N	2016-10-05	2018-05-01 17:42:33.977827
29	30263	Alex	h	K	1	10053	84	37	122	2017-11-06	8	34234	j	720	747474	87877	87787	787778	\N	h	male.jpg	male.jpg	20293	1	1	20	104	\N	\N	\N	2016-10-06	2018-05-01 17:42:34.078553
33	30267	Somalatha	Reddy	k	1	10056	11	37	72	2016-10-01	2	123454	Tirupatjhi	121	517551	8686914881	8686914881	8686914881	ksoma2700latha@gmail.com	SomalathaReddy	female.jpg	female.jpg	20307	0	0	2	104	\N	\N	\N	2016-10-13	2018-05-01 17:42:34.17379
37	30271	vinny	\N	m	1	10053	11	37	121	2017-11-06	8	12112	sdfdsf	37	500060	3423423423	4234234234	234234234234	23fsdfds@sfsdf.com	vinnym	female.jpg	female.jpg	20311	1	0	36	104	\N	\N	\N	2016-10-14	2018-05-01 17:42:34.266984
41	30275	new		doctor	1	10053	11	37	63	2017-11-06	10	sdfsdf324324	sdfsdfsdf	149	234234	34234234234	324234234234	234234234234234	dfsdfs@sdfsdfsdf.com	newdoctor	\N	\N	20369	1	1	3	104	\N	\N	\N	2016-12-15	2018-05-01 17:42:34.38644
45	30279	doct	\N	one	1	10053	84	37	219	2017-11-06	33	ssdff	sdfsdf	151	586874	564564654	5456456465	12345678941	sdfsd@sfdsdf.com	doctone	\N	\N	20373	1	1	3	104	\N	\N	\N	2016-12-15	2018-05-01 17:42:34.494094
49	30283	Pulla	\N	Reddy	1	10126	84	37	193	2017-11-06	5	1122	F12, Waverock...	1779	159159	753	753	7537537535	sandhya.kedakoti@ggktech.com	PullaReddy	20437.jpg	\N	20437	1	1	41	19	\N	\N	\N	2017-06-05	2018-05-01 17:42:34.593747
53	30287	qa	\N	doctor	3	10063	11	37	27	2017-11-06	5	22	asdfasdfasd	5	123	8695874859	9632587415	9874563214	asdf@asdfasd.omc	qadoctor	30447.jpg	30447.png	30447	1	1	2	104	\N	\N	\N	2017-08-07	2018-05-01 17:42:34.705947
57	30291	veerl	GopalReddy	Bogireddy	4	10125	84	37	12	2017-11-06	10	007	Kapada	24	516173	9966329772	9966329770	9966329770	gopal.bogireddy@ggktech.com	veerlGopalReddyBogireddy	30464.jpg	\N	30464	0	0	2	104	\N	\N	0	2017-08-10	2018-05-01 17:42:34.817174
61	30295	Doctor	\N	1	10	10063	11	37	29	2017-11-05	33	123	address	12131	123	36985214785	55566699896	9998887777	ksoma2700latha@gmail.com	Doctor1	\N	\N	30490	0	0	1	104	\N	\N	0	2017-11-07	2018-05-01 17:42:34.920259
65	30299	sanjeev	\N	kapoor	1	10168	84	37	39	2017-11-10	33	123	dfgds	12131	123	9999	9999999999	5555555555	ksoma2700latha@gmail.com	sanjeevkapoor	\N	\N	30494	0	0	1	104	\N	\N	\N	2017-11-10	2018-05-01 17:42:35.02385
69	30303	Balaji	\N	KK	4	10048	70	37	26	2017-11-20	3	159	159	299	159565	1234567895	7418529635	7539514568	sandhya.kedakoti@ggktech.com	BalajiKK	\N	\N	30504	1	1	6	104	\N	\N	\N	2017-11-16	2018-05-01 17:42:35.137293
73	30308	Sandy	_Doc	_2	2	20235	11	37	114	2017-12-01	35	1120	159	\N	159159	1234567890	1234567891	1234567892	san@gg.com	Sandy_Doc_2	\N	\N	30517	1	1	\N	\N	\N	\N	\N	2017-12-15	2018-05-01 17:42:35.238967
77	30312	ash	\N	ash	1	10125	11	37	27	2018-01-01	5	123123	asdfasdfasdf	12131	123123	1231231231	12312312312	312312312312312	ksoma2700lath@gmail.com	ashash	\N	\N	30527	0	0	1	104	\N	\N	0	2018-01-08	2018-05-01 17:42:35.344008
81	30317	Mahesh	\N	B	\N	10076	84	37	36	1989-12-31	15	123	hyd	37	\N	652538	5267835628	2637862357	shirisha.burthula@ggktech.com	Doctor Mahesh B	\N	\N	30537	0	0	36	104	43	\N	\N	2018-01-25	2018-05-01 17:42:35.453151
85	30321	QA	\N	New	\N	10169	84	37	37	2018-02-04	33	55644	asdasd	6	\N	3213212312	3213212312	3213212312	a@a.com	Doctor QA New	\N	\N	30543	1	0	2	104	49	\N	1	2018-02-05	2018-05-01 17:42:35.56215
89	30325	priya	\N	darshini	\N	10168	11	37	15	2018-01-31	3	123	sadfasdf	5	123432	234234	4234234324	4234234234	ksoma2700latha@gmail.com	Doctor priya darshini	\N	\N	30547	0	0	2	104	53	\N	1	2018-02-20	2018-05-01 17:42:35.66651
93	30329	smokeDoc	\N	090418	\N	10053	84	37	3	2018-04-08	4	asda	asda	5	\N	9966329772	9966329770	9966329772	gopal.bogireddy@ggktech.com	Mr. smokeDoc 090418	\N	\N	30672	1	1	2	104	155	\N	\N	2018-04-09	2018-05-01 17:42:35.764745
